{"camp_name":"","adset_name":"","ad_name":"","campaign_status":"ACTIVE","adset_status":"ACTIVE","ad_status":"ACTIVE","place_daily_budget":"adset_daily_budget","daily_budget":"50","objective":"CONVERSIONS","bid_strategy":"LOWEST_COST_WITHOUT_CAP","genders":"2","age_min":"20","age_max":"","countries":["PL"],"location_types":"recent and home","languages":[""],"attribution_spec":"1 click 1 view","mobile":"mobile","Android":"Android","Android_Smartphone":"Android_Smartphone","android_version1":"2.0","android_version2":"8.0","publisher_platforms_facebook":"publisher_platforms_facebook","facebook_positions_feed":"facebook_positions_feed","facebook_positions_right_hand_column":"facebook_positions_right_hand_column","facebook_positions_instant_article":"facebook_positions_instant_article","facebook_positions_marketplace":"facebook_positions_marketplace","facebook_positions_video_feeds":"facebook_positions_video_feeds","facebook_positions_story":"facebook_positions_story","facebook_positions_search":"facebook_positions_search","message":"","title":"","description":"","call_to_action":"LEARN_MORE"}