{"camp_name":"","adset_name":"","ad_name":"","campaign_status":"ACTIVE","adset_status":"ACTIVE","ad_status":"ACTIVE","place_daily_budget":"campaign_daily_budget","daily_budget":"","objective":"CONVERSIONS","bid_strategy":"LOWEST_COST_WITHOUT_CAP","genders":"0","age_min":"","age_max":"","location_types":"recent and home","languages":[""],"attribution_spec":"1 click","targeting_optimization":"targeting_optimization","mobile":"mobile","desktop":"desktop","IOS":"IOS","iPhone":"iPhone","iPad":"iPad","iPod":"iPod","ios_version1":"2.0","ios_version2":"9.0","Android":"Android","Android_Smartphone":"Android_Smartphone","Android_Tablet":"Android_Tablet","android_version1":"2.0","android_version2":"8.0","publisher_platforms_facebook":"publisher_platforms_facebook","facebook_positions_feed":"facebook_positions_feed","facebook_positions_right_hand_column":"facebook_positions_right_hand_column","facebook_positions_instant_article":"facebook_positions_instant_article","facebook_positions_marketplace":"facebook_positions_marketplace","facebook_positions_video_feeds":"facebook_positions_video_feeds","facebook_positions_story":"facebook_positions_story","facebook_positions_search":"facebook_positions_search","publisher_platforms_audience_network":"publisher_platforms_audience_network","audience_network_positions_classic":"audience_network_positions_classic","audience_network_positions_instream_video":"audience_network_positions_instream_video","audience_network_positions_rewarded_video":"audience_network_positions_rewarded_video","publisher_platforms_instagram":"publisher_platforms_instagram","instagram_positions_stream":"instagram_positions_stream","instagram_positions_story":"instagram_positions_story","instagram_positions_explore":"instagram_positions_explore","publisher_platforms_messenger":"publisher_platforms_messenger","messenger_positions_messenger_home":"messenger_positions_messenger_home","messenger_positions_story":"messenger_positions_story","messenger_positions_sponsored_messages":"messenger_positions_sponsored_messages","message":"","title":"","description":"","call_to_action":"LEARN_MORE","is_pixel":"on","pixel_name":""}